ticker,model_name,feature_set,split,n_rows,n_features,train_rows_per_feature,source_family,price_feature_count,source_feature_count,accuracy,balanced_accuracy,f1,roc_auc
AAPL,hist_gradient_boosting,price14_plus_gdelt_top2,test,128,16,38.9375,gdelt,14,2,0.5390625,0.5238916256157635,0.6193548387096774,0.5317733990147783
AAPL,hist_gradient_boosting,price14_plus_gdelt_top3,test,128,17,36.64705882352941,gdelt,14,3,0.5625,0.5482758620689655,0.6363636363636364,0.5492610837438423
AAPL,hist_gradient_boosting,price14_plus_google_top1,test,128,15,41.53333333333333,google,14,1,0.515625,0.506896551724138,0.5753424657534246,0.5529556650246307
AAPL,hist_gradient_boosting,price14_plus_google_top2,test,128,16,38.9375,google,14,2,0.5390625,0.5298029556650246,0.5986394557823129,0.5362068965517242
AAPL,hist_gradient_boosting,price14_plus_google_top3,test,128,17,36.64705882352941,google,14,3,0.5390625,0.5283251231527094,0.6040268456375839,0.5369458128078817
AAPL,hist_gradient_boosting,price_top10,test,128,10,62.3,price,10,0,0.515625,0.5083743842364532,0.5694444444444444,0.5113300492610837
AAPL,hist_gradient_boosting,price_top14,test,128,14,44.5,price,14,0,0.546875,0.5339901477832512,0.618421052631579,0.5527093596059113
AAPL,hist_gradient_boosting,price_top5,test,128,5,124.6,price,5,0,0.484375,0.4753694581280788,0.547945205479452,0.4886699507389162
AAPL,hist_gradient_boosting,price14_plus_reddit_top2,test,128,16,38.9375,reddit,14,2,0.5078125,0.5056650246305419,0.5401459854014599,0.5625615763546798
AAPL,hist_gradient_boosting,price14_plus_reddit_top4,test,128,18,34.611111111111114,reddit,14,4,0.5546875,0.55,0.5957446808510638,0.5982758620689654
AAPL,hist_gradient_boosting,price14_plus_reddit_top7,test,128,21,29.666666666666668,reddit,14,7,0.53125,0.5256157635467981,0.5774647887323944,0.5839901477832512
AAPL,logreg,price14_plus_gdelt_top2,test,128,16,38.9375,gdelt,14,2,0.46875,0.4714285714285714,0.47692307692307695,0.4884236453201971
AAPL,logreg,price14_plus_gdelt_top3,test,128,17,36.64705882352941,gdelt,14,3,0.4765625,0.48004926108374385,0.4806201550387597,0.48374384236453205
AAPL,logreg,price14_plus_google_top1,test,128,15,41.53333333333333,google,14,1,0.515625,0.5187192118226601,0.5230769230769231,0.49753694581280783
AAPL,logreg,price14_plus_google_top2,test,128,16,38.9375,google,14,2,0.515625,0.5172413793103448,0.5303030303030303,0.5137931034482759
AAPL,logreg,price14_plus_google_top3,test,128,17,36.64705882352941,google,14,3,0.5,0.5,0.5223880597014925,0.5105911330049262
AAPL,logreg,price_top10,test,128,10,62.3,price,10,0,0.515625,0.5098522167487685,0.5633802816901409,0.4943349753694581
AAPL,logreg,price_top14,test,128,14,44.5,price,14,0,0.5078125,0.5115763546798029,0.5116279069767442,0.4970443349753695
AAPL,logreg,price_top5,test,128,5,124.6,price,5,0,0.4921875,0.48251231527093597,0.5578231292517006,0.5263546798029557
AAPL,logreg,price14_plus_reddit_top2,test,128,16,38.9375,reddit,14,2,0.5078125,0.5115763546798029,0.5116279069767442,0.5509852216748767
AAPL,logreg,price14_plus_reddit_top4,test,128,18,34.611111111111114,reddit,14,4,0.5,0.5029556650246305,0.5076923076923077,0.5522167487684728
AAPL,logreg,price14_plus_reddit_top7,test,128,21,29.666666666666668,reddit,14,7,0.5,0.5029556650246305,0.5076923076923077,0.5534482758620689
AAPL,random_forest,price14_plus_gdelt_top2,test,128,16,38.9375,gdelt,14,2,0.5390625,0.5357142857142857,0.5755395683453237,0.5502463054187192
AAPL,random_forest,price14_plus_gdelt_top3,test,128,17,36.64705882352941,gdelt,14,3,0.5234375,0.5169950738916256,0.5734265734265734,0.5618226600985222
AAPL,random_forest,price14_plus_google_top1,test,128,15,41.53333333333333,google,14,1,0.5,0.49852216748768474,0.5294117647058824,0.5248768472906404
AAPL,random_forest,price14_plus_google_top2,test,128,16,38.9375,google,14,2,0.5234375,0.5229064039408867,0.5481481481481482,0.5406403940886698
AAPL,random_forest,price14_plus_google_top3,test,128,17,36.64705882352941,google,14,3,0.5234375,0.5258620689655172,0.5343511450381679,0.5342364532019704
AAPL,random_forest,price_top10,test,128,10,62.3,price,10,0,0.515625,0.5142857142857142,0.5441176470588235,0.519704433497537
AAPL,random_forest,price_top14,test,128,14,44.5,price,14,0,0.546875,0.5399014778325123,0.5972222222222222,0.5559113300492611
AAPL,random_forest,price_top5,test,128,5,124.6,price,5,0,0.5078125,0.5071428571428571,0.5333333333333333,0.5073891625615763
AAPL,random_forest,price14_plus_reddit_top2,test,128,16,38.9375,reddit,14,2,0.5234375,0.5229064039408867,0.5481481481481482,0.5660098522167487
AAPL,random_forest,price14_plus_reddit_top4,test,128,18,34.611111111111114,reddit,14,4,0.5625,0.5615763546798029,0.5882352941176471,0.58128078817734
AAPL,random_forest,price14_plus_reddit_top7,test,128,21,29.666666666666668,reddit,14,7,0.5234375,0.5214285714285714,0.5547445255474452,0.5793103448275863
ALL,hist_gradient_boosting,price14_plus_gdelt_top2,test,256,16,,gdelt,14,2,0.5234375,0.5144807231138167,0.5850340136054422,0.5164483797577323
ALL,hist_gradient_boosting,price14_plus_gdelt_top3,test,256,17,,gdelt,14,3,0.5390625,0.5308983582364877,0.5958904109589042,0.5392608989731291
ALL,hist_gradient_boosting,price14_plus_google_top1,test,256,15,,google,14,1,0.53125,0.5304679333456312,0.5555555555555556,0.553403431101273
ALL,hist_gradient_boosting,price14_plus_google_top2,test,256,16,,google,14,2,0.53125,0.5311443153169773,0.5522388059701493,0.5379081350304372
ALL,hist_gradient_boosting,price14_plus_google_top3,test,256,17,,google,14,3,0.53515625,0.5313595277624055,0.5734767025089605,0.5475619504396483
ALL,hist_gradient_boosting,price_top10,test,256,10,,price,10,0,0.52734375,0.522812519215397,0.5693950177935944,0.5264711307876775
ALL,hist_gradient_boosting,price_top14,test,256,14,,price,14,0,0.5625,0.5585685297915514,0.6,0.5562319375269015
ALL,hist_gradient_boosting,price_top5,test,256,5,,price,5,0,0.51171875,0.5070712660640718,0.5551601423487544,0.5344032466334625
ALL,hist_gradient_boosting,price14_plus_reddit_top2,test,256,16,,reddit,14,2,0.5390625,0.5376621779499478,0.5661764705882353,0.5554325770153108
ALL,hist_gradient_boosting,price14_plus_reddit_top4,test,256,18,,reddit,14,4,0.55859375,0.559706081288815,0.5735849056603773,0.5858082764557585
ALL,hist_gradient_boosting,price14_plus_reddit_top7,test,256,21,,reddit,14,7,0.5625,0.5592449117628974,0.5971223021582733,0.6008731476357375
ALL,logreg,price14_plus_gdelt_top2,test,256,16,,gdelt,14,2,0.52734375,0.532281866814241,0.5217391304347826,0.5561089589866568
ALL,logreg,price14_plus_gdelt_top3,test,256,17,,gdelt,14,3,0.53125,0.5365553710877452,0.5238095238095238,0.5540183238024964
ALL,logreg,price14_plus_google_top1,test,256,15,,google,14,1,0.56640625,0.5723113816638996,0.5577689243027888,0.5696980876836993
ALL,logreg,price14_plus_google_top2,test,256,16,,google,14,2,0.56640625,0.5709586177212076,0.5647058823529412,0.5912808214966488
ALL,logreg,price14_plus_google_top3,test,256,17,,google,14,3,0.546875,0.5495910963536863,0.5538461538461539,0.5658857529361127
ALL,logreg,price_top10,test,256,10,,price,10,0,0.53125,0.5311443153169773,0.5522388059701493,0.5408596199963106
ALL,logreg,price_top14,test,256,14,,price,14,0,0.5546875,0.5608436327860788,0.544,0.559859804464121
ALL,logreg,price_top5,test,256,5,,price,5,0,0.5390625,0.5390149418926398,0.5597014925373134,0.5508823710262559
ALL,logreg,price14_plus_reddit_top2,test,256,16,,reddit,14,2,0.53515625,0.5415052573325955,0.5220883534136547,0.5885138043411424
ALL,logreg,price14_plus_reddit_top4,test,256,18,,reddit,14,4,0.53125,0.5379081350304372,0.5161290322580645,0.5783680747709525
ALL,logreg,price14_plus_reddit_top7,test,256,21,,reddit,14,7,0.52734375,0.5309291028715489,0.5291828793774319,0.5708663838160242
ALL,random_forest,price14_plus_gdelt_top2,test,256,16,,gdelt,14,2,0.546875,0.5421508946688802,0.5886524822695035,0.563241714320851
ALL,random_forest,price14_plus_gdelt_top3,test,256,17,,gdelt,14,3,0.5390625,0.5315747402078337,0.593103448275862,0.5597983151939985
ALL,random_forest,price14_plus_google_top1,test,256,15,,google,14,1,0.546875,0.5495910963536863,0.5538461538461539,0.5705589374654123
ALL,random_forest,price14_plus_google_top2,test,256,16,,google,14,2,0.55078125,0.5531882186558446,0.5593869731800766,0.5771997786386276
ALL,random_forest,price14_plus_google_top3,test,256,17,,google,14,3,0.546875,0.5522966242390703,0.5396825396825397,0.5685297915513743
ALL,random_forest,price_top10,test,256,10,,price,10,0,0.5390625,0.5423968517493698,0.5426356589147286,0.5468855684683023
ALL,random_forest,price_top14,test,256,14,,price,14,0,0.56640625,0.5669003258931316,0.5842696629213483,0.588759761421632
ALL,random_forest,price_top5,test,256,5,,price,5,0,0.546875,0.5522966242390703,0.5396825396825397,0.5552481092049437
ALL,random_forest,price14_plus_reddit_top2,test,256,16,,reddit,14,2,0.5703125,0.5732029760806738,0.5769230769230769,0.5881448687204083
ALL,random_forest,price14_plus_reddit_top4,test,256,18,,reddit,14,4,0.58203125,0.5853471069298408,0.5868725868725869,0.6060382463260161
ALL,random_forest,price14_plus_reddit_top7,test,256,21,,reddit,14,7,0.5390625,0.5423968517493698,0.5426356589147286,0.5982291090204759
TSLA,hist_gradient_boosting,price14_plus_gdelt_top2,test,128,16,38.9375,gdelt,14,2,0.5078125,0.5041758781626136,0.5467625899280576,0.5008597396217145
TSLA,hist_gradient_boosting,price14_plus_gdelt_top3,test,128,17,36.64705882352941,gdelt,14,3,0.515625,0.5126504544338001,0.5507246376811594,0.5298452468680914
TSLA,hist_gradient_boosting,price14_plus_google_top1,test,128,15,41.53333333333333,google,14,1,0.546875,0.552689756816507,0.532258064516129,0.5593220338983051
TSLA,hist_gradient_boosting,price14_plus_google_top2,test,128,16,38.9375,google,14,2,0.5234375,0.5309506263817244,0.49586776859504134,0.5573569147629575
TSLA,hist_gradient_boosting,price14_plus_google_top3,test,128,17,36.64705882352941,google,14,3,0.53125,0.5332842053549496,0.5384615384615384,0.5659543109801031
TSLA,hist_gradient_boosting,price_top10,test,128,10,62.3,price,10,0,0.5390625,0.536845983787767,0.5693430656934306,0.5472856791943012
TSLA,hist_gradient_boosting,price_top14,test,128,14,44.5,price,14,0,0.578125,0.5816752640628838,0.578125,0.5698845492507983
TSLA,hist_gradient_boosting,price_top5,test,128,5,124.6,price,5,0,0.5390625,0.5380741832473594,0.562962962962963,0.5738147875214935
TSLA,hist_gradient_boosting,price14_plus_reddit_top2,test,128,16,38.9375,reddit,14,2,0.5703125,0.5695160894129206,0.5925925925925926,0.5487595185458118
TSLA,hist_gradient_boosting,price14_plus_reddit_top4,test,128,18,34.611111111111114,reddit,14,4,0.5625,0.5684107098992877,0.5483870967741935,0.5811839842790468
TSLA,hist_gradient_boosting,price14_plus_reddit_top7,test,128,21,29.666666666666668,reddit,14,7,0.59375,0.5924834193072955,0.6176470588235294,0.6224514861213462
TSLA,logreg,price14_plus_gdelt_top2,test,128,16,38.9375,gdelt,14,2,0.5859375,0.5926062392532547,0.5691056910569106,0.6190125276344878
TSLA,logreg,price14_plus_gdelt_top3,test,128,17,36.64705882352941,gdelt,14,3,0.5859375,0.5926062392532547,0.5691056910569106,0.620732006877917
TSLA,logreg,price14_plus_google_top1,test,128,15,41.53333333333333,google,14,1,0.6171875,0.6252763448784082,0.5950413223140496,0.6327683615819208
TSLA,logreg,price14_plus_google_top2,test,128,16,38.9375,google,14,2,0.6171875,0.624048145418816,0.6016260162601627,0.6661753868828297
TSLA,logreg,price14_plus_google_top3,test,128,17,36.64705882352941,google,14,3,0.59375,0.5986244166052568,0.5873015873015873,0.6126258904446082
TSLA,logreg,price_top10,test,128,10,62.3,price,10,0,0.546875,0.5514615573569148,0.5396825396825397,0.5897813804961927
TSLA,logreg,price_top14,test,128,14,44.5,price,14,0,0.6015625,0.6095553917956276,0.5785123966942148,0.6187668877425694
TSLA,logreg,price_top5,test,128,5,124.6,price,5,0,0.5859375,0.593834438712847,0.5619834710743802,0.5961680176860722
TSLA,logreg,price14_plus_reddit_top2,test,128,16,38.9375,reddit,14,2,0.5625,0.5708671088184721,0.5333333333333333,0.6219602063375091
TSLA,logreg,price14_plus_reddit_top4,test,128,18,34.611111111111114,reddit,14,4,0.5625,0.5720953082780644,0.5254237288135594,0.6030459346597887
TSLA,logreg,price14_plus_reddit_top7,test,128,21,29.666666666666668,reddit,14,7,0.5546875,0.5587079341685091,0.5511811023622047,0.5777450257921886
TSLA,random_forest,price14_plus_gdelt_top2,test,128,16,38.9375,gdelt,14,2,0.5546875,0.548882338491771,0.6013986013986014,0.5745517071972488
TSLA,random_forest,price14_plus_gdelt_top3,test,128,17,36.64705882352941,gdelt,14,3,0.5546875,0.5464259395725866,0.6122448979591837,0.5568656349791206
TSLA,random_forest,price14_plus_google_top1,test,128,15,41.53333333333333,google,14,1,0.59375,0.599852616064849,0.5806451612903226,0.6042741341193809
TSLA,random_forest,price14_plus_google_top2,test,128,16,38.9375,google,14,2,0.578125,0.582903463522476,0.5714285714285714,0.5964136575779908
TSLA,random_forest,price14_plus_google_top3,test,128,17,36.64705882352941,google,14,3,0.5703125,0.5781134856300663,0.5454545454545454,0.5946941783345615
TSLA,random_forest,price_top10,test,128,10,62.3,price,10,0,0.5625,0.5696389093588798,0.5409836065573771,0.5745517071972488
TSLA,random_forest,price_top14,test,128,14,44.5,price,14,0,0.5859375,0.5926062392532547,0.5691056910569106,0.6187668877425694
TSLA,random_forest,price_top5,test,128,5,124.6,price,5,0,0.5859375,0.5962908376320314,0.5470085470085471,0.6064848931466471
TSLA,random_forest,price14_plus_reddit_top2,test,128,16,38.9375,reddit,14,2,0.6171875,0.6228199459592239,0.608,0.6082043723900761
TSLA,random_forest,price14_plus_reddit_top4,test,128,18,34.611111111111114,reddit,14,4,0.6015625,0.6083271923360354,0.5853658536585366,0.6303119626627365
TSLA,random_forest,price14_plus_reddit_top7,test,128,21,29.666666666666668,reddit,14,7,0.5546875,0.5623925325472857,0.5289256198347108,0.6212232866617539
AAPL,hist_gradient_boosting,price14_plus_gdelt_top2,train,623,16,38.9375,gdelt,14,2,0.898876404494382,0.891435860058309,0.9131034482758621,0.9809454394002499
AAPL,hist_gradient_boosting,price14_plus_gdelt_top3,train,623,17,36.64705882352941,gdelt,14,3,0.9245585874799358,0.9193513119533527,0.9340813464235624,0.9835172844648064
AAPL,hist_gradient_boosting,price14_plus_google_top1,train,623,15,41.53333333333333,google,14,1,0.9101123595505618,0.9039358600583091,0.9220055710306406,0.9730008329862557
AAPL,hist_gradient_boosting,price14_plus_google_top2,train,623,16,38.9375,google,14,2,0.9085072231139647,0.9024781341107873,0.9205020920502092,0.975052061640983
AAPL,hist_gradient_boosting,price14_plus_google_top3,train,623,17,36.64705882352941,google,14,3,0.9117174959871589,0.9057215743440233,0.9232914923291492,0.9792169929196168
AAPL,hist_gradient_boosting,price_top10,train,623,10,62.3,price,10,0,0.8635634028892456,0.8557580174927113,0.8827586206896552,0.9528477717617659
AAPL,hist_gradient_boosting,price_top14,train,623,14,44.5,price,14,0,0.8828250401284109,0.8745626822157434,0.8998628257887518,0.9634943773427738
AAPL,hist_gradient_boosting,price_top5,train,623,5,124.6,price,5,0,0.8170144462279294,0.8082361516034986,0.8434065934065934,0.9048937942523949
AAPL,hist_gradient_boosting,price14_plus_reddit_top2,train,623,16,38.9375,reddit,14,2,0.9069020866773676,0.900692419825073,0.9192200557103064,0.9720637234485631
AAPL,hist_gradient_boosting,price14_plus_reddit_top4,train,623,18,34.611111111111114,reddit,14,4,0.9117174959871589,0.9073615160349855,0.9222065063649222,0.9762598917117867
AAPL,hist_gradient_boosting,price14_plus_reddit_top7,train,623,21,29.666666666666668,reddit,14,7,0.9117174959871589,0.9083454810495627,0.9215406562054208,0.9760724698042482
AAPL,logreg,price14_plus_gdelt_top2,train,623,16,38.9375,gdelt,14,2,0.5264847512038523,0.5270043731778425,0.5482388973966309,0.573823406913786
AAPL,logreg,price14_plus_gdelt_top3,train,623,17,36.64705882352941,gdelt,14,3,0.536115569823435,0.5360787172011662,0.5601217656012176,0.5750312369845898
AAPL,logreg,price14_plus_google_top1,train,623,15,41.53333333333333,google,14,1,0.5425361155698234,0.5432215743440234,0.5635528330781011,0.5744377342773844
AAPL,logreg,price14_plus_google_top2,train,623,16,38.9375,google,14,2,0.5329052969502408,0.5334912536443148,0.554364471669219,0.5753748438150771
AAPL,logreg,price14_plus_google_top3,train,623,17,36.64705882352941,google,14,3,0.5409309791332263,0.5407798833819242,0.5653495440729484,0.5780924614743856
AAPL,logreg,price_top10,train,623,10,62.3,price,10,0,0.5248796147672552,0.5239067055393586,0.552870090634441,0.5489275301957519
AAPL,logreg,price_top14,train,623,14,44.5,price,14,0,0.5345104333868379,0.5352769679300291,0.5552147239263804,0.5739691795085381
AAPL,logreg,price_top5,train,623,5,124.6,price,5,0,0.536115569823435,0.5314868804664723,0.5781021897810219,0.5341316118284049
AAPL,logreg,price14_plus_reddit_top2,train,623,16,38.9375,reddit,14,2,0.536115569823435,0.534438775510204,0.5667166416791605,0.5842044981257809
AAPL,logreg,price14_plus_reddit_top4,train,623,18,34.611111111111114,reddit,14,4,0.5377207062600321,0.5358965014577259,0.5688622754491018,0.5847980008329863
AAPL,logreg,price14_plus_reddit_top7,train,623,21,29.666666666666668,reddit,14,7,0.5441412520064205,0.5420553935860059,0.5761194029850746,0.5864223240316535
AAPL,random_forest,price14_plus_gdelt_top2,train,623,16,38.9375,gdelt,14,2,0.8828250401284109,0.8801384839650146,0.8949640287769784,0.9489379425239484
AAPL,random_forest,price14_plus_gdelt_top3,train,623,17,36.64705882352941,gdelt,14,3,0.8924558587479936,0.8901967930029155,0.9033189033189033,0.9547480216576427
AAPL,random_forest,price14_plus_google_top1,train,623,15,41.53333333333333,google,14,1,0.8828250401284109,0.8801384839650146,0.8949640287769784,0.9383069554352353
AAPL,random_forest,price14_plus_google_top2,train,623,16,38.9375,google,14,2,0.8780096308186196,0.8751093294460641,0.8908045977011494,0.9459808413161184
AAPL,random_forest,price14_plus_google_top3,train,623,17,36.64705882352941,google,14,3,0.8860353130016051,0.8830539358600583,0.8981348637015782,0.949822990420658
AAPL,random_forest,price_top10,train,623,10,62.3,price,10,0,0.8587479935794543,0.8566326530612245,0.8724637681159421,0.9190441482715535
AAPL,random_forest,price_top14,train,623,14,44.5,price,14,0,0.8828250401284109,0.8788265306122449,0.8961593172119487,0.9326218242399
AAPL,random_forest,price_top5,train,623,5,124.6,price,5,0,0.7945425361155698,0.7930758017492712,0.8123167155425219,0.8707517700957934
AAPL,random_forest,price14_plus_reddit_top2,train,623,16,38.9375,reddit,14,2,0.8619582664526485,0.8582361516034985,0.8771428571428571,0.9332778009162849
AAPL,random_forest,price14_plus_reddit_top4,train,623,18,34.611111111111114,reddit,14,4,0.8731942215088283,0.8694241982507289,0.8873038516405135,0.9491357767596834
AAPL,random_forest,price14_plus_reddit_top7,train,623,21,29.666666666666668,reddit,14,7,0.8780096308186196,0.8747813411078718,0.8911174785100286,0.9448667221990837
ALL,hist_gradient_boosting,price14_plus_gdelt_top2,train,1246,16,,gdelt,14,2,0.9020866773675762,0.8996449716391339,0.9106881405563689,0.9740301411832899
ALL,hist_gradient_boosting,price14_plus_gdelt_top3,train,1246,17,,gdelt,14,3,0.9229534510433387,0.9208147021073987,0.9295154185022027,0.9798679253094854
ALL,hist_gradient_boosting,price14_plus_google_top1,train,1246,15,,google,14,1,0.9125200642054575,0.9101767896327578,0.9201465201465201,0.9691756717592018
ALL,hist_gradient_boosting,price14_plus_google_top2,train,1246,16,,google,14,2,0.9213483146067416,0.9186721111249121,0.9285714285714286,0.976177907506314
ALL,hist_gradient_boosting,price14_plus_google_top3,train,1246,17,,google,14,3,0.9157303370786517,0.9132949323065458,0.9231894659839064,0.9773734111704551
ALL,hist_gradient_boosting,price_top10,train,1246,10,,price,10,0,0.8828250401284109,0.8796629818242041,0.8940493468795355,0.9574263549041526
ALL,hist_gradient_boosting,price_top14,train,1246,14,,price,14,0,0.8948635634028892,0.8919130128762472,0.9047272727272727,0.9619457210284438
ALL,hist_gradient_boosting,price_top5,train,1246,5,,price,5,0,0.833868378812199,0.8304403179729226,0.8498912255257433,0.9127980996149546
ALL,hist_gradient_boosting,price14_plus_reddit_top2,train,1246,16,,reddit,14,2,0.9125200642054575,0.9099646006707242,0.9203798392987582,0.970989628617563
ALL,hist_gradient_boosting,price14_plus_reddit_top4,train,1246,18,,reddit,14,4,0.9181380417335474,0.9160844408562083,0.925,0.9764263238521095
ALL,hist_gradient_boosting,price14_plus_reddit_top7,train,1246,21,,reddit,14,7,0.9197431781701445,0.9186514097627624,0.9254843517138599,0.9777279219972674
ALL,logreg,price14_plus_gdelt_top2,train,1246,16,,gdelt,14,2,0.5425361155698234,0.5445777957189583,0.5447284345047924,0.5844356808678012
ALL,logreg,price14_plus_gdelt_top3,train,1246,17,,gdelt,14,3,0.5473515248796148,0.5492019624891318,0.5509554140127388,0.5849739162836916
ALL,logreg,price14_plus_google_top1,train,1246,15,,google,14,1,0.5497592295345104,0.551567093114727,0.5536992840095465,0.5849790916242289
ALL,logreg,price14_plus_google_top2,train,1246,16,,google,14,2,0.550561797752809,0.5518957272388523,0.5576619273301737,0.5842390179273796
ALL,logreg,price14_plus_google_top3,train,1246,17,,google,14,3,0.5481540930979133,0.5490001242081729,0.5584313725490196,0.5877634248333541
ALL,logreg,price_top10,train,1246,10,,price,10,0,0.5425361155698234,0.5435168509087898,0.5518867924528302,0.5680816047695938
ALL,logreg,price_top14,train,1246,14,,price,14,0,0.5425361155698234,0.5446838901999751,0.544,0.5828313253012047
ALL,logreg,price_top5,train,1246,5,,price,5,0,0.5272873194221509,0.5275121102968575,0.5416342412451361,0.5315644019376474
ALL,logreg,price14_plus_reddit_top2,train,1246,16,,reddit,14,2,0.5409309791332263,0.5426473936985053,0.5453100158982512,0.5864747650395397
ALL,logreg,price14_plus_reddit_top4,train,1246,18,,reddit,14,4,0.5473515248796148,0.5481410176789633,0.5579937304075235,0.5914612056473316
ALL,logreg,price14_plus_reddit_top7,train,1246,21,,reddit,14,7,0.5561797752808989,0.5564241502090838,0.5703185703185704,0.6035715025048649
ALL,random_forest,price14_plus_gdelt_top2,train,1246,16,,gdelt,14,2,0.8563402889245586,0.8560867180060447,0.8644965934897805,0.9288235415890366
ALL,random_forest,price14_plus_gdelt_top3,train,1246,17,,gdelt,14,3,0.8563402889245586,0.856617190411129,0.8634630053394355,0.9283318842379829
ALL,random_forest,price14_plus_google_top1,train,1246,15,,google,14,1,0.8443017656500803,0.8439427814350184,0.8532526475037822,0.9133906761064877
ALL,random_forest,price14_plus_google_top2,train,1246,16,,google,14,2,0.848314606741573,0.8473895582329318,0.8582145536384096,0.9228796629818241
ALL,random_forest,price14_plus_google_top3,train,1246,17,,google,14,3,0.8547351524879615,0.8542624104666088,0.8633962264150944,0.9278350515463918
ALL,random_forest,price_top10,train,1246,10,,price,10,0,0.8258426966292135,0.8260930319215005,0.8342245989304813,0.8980664927752245
ALL,random_forest,price_top14,train,1246,14,,price,14,0,0.8418940609951846,0.841047178404339,0.8519909842223892,0.9105882292054819
ALL,random_forest,price_top5,train,1246,5,,price,5,0,0.7937399678972713,0.7945933217405705,0.8015444015444015,0.8727797789094522
ALL,random_forest,price14_plus_reddit_top2,train,1246,16,,reddit,14,2,0.8434991974317817,0.8424471080197077,0.8539325842696629,0.9171402103258395
ALL,random_forest,price14_plus_reddit_top4,train,1246,18,,reddit,14,4,0.8619582664526485,0.8610395189003437,0.8710644677661169,0.9367935660166439
ALL,random_forest,price14_plus_reddit_top7,train,1246,21,,reddit,14,7,0.8531300160513644,0.8529685753322569,0.8612585291887794,0.9315380077009068
TSLA,hist_gradient_boosting,price14_plus_gdelt_top2,train,623,16,38.9375,gdelt,14,2,0.9052969502407705,0.9052577830042705,0.9079563182527302,0.9697551113036661
TSLA,hist_gradient_boosting,price14_plus_gdelt_top3,train,623,17,36.64705882352941,gdelt,14,3,0.9213483146067416,0.9209321037321285,0.9244992295839753,0.977440118833942
TSLA,hist_gradient_boosting,price14_plus_google_top1,train,623,15,41.53333333333333,google,14,1,0.9149277688603531,0.914603577396794,0.9180834621329211,0.9666914237379051
TSLA,hist_gradient_boosting,price14_plus_google_top2,train,623,16,38.9375,google,14,2,0.9341894060995185,0.9334911596624786,0.9374045801526718,0.9784510325761796
TSLA,hist_gradient_boosting,price14_plus_google_top3,train,623,17,36.64705882352941,google,14,3,0.9197431781701445,0.9192764745930556,0.9230769230769231,0.9767077221431372
TSLA,hist_gradient_boosting,price_top10,train,623,10,62.3,price,10,0,0.9020866773675762,0.9014565410245301,0.9065849923430321,0.9620494728806915
TSLA,hist_gradient_boosting,price_top14,train,623,14,44.5,price,14,0,0.9069020866773676,0.9066194219223866,0.9102167182662538,0.9614202306533803
TSLA,hist_gradient_boosting,price_top5,train,623,5,124.6,price,5,0,0.8507223113964687,0.8501423531596213,0.8571428571428571,0.9211693589981639
TSLA,hist_gradient_boosting,price14_plus_reddit_top2,train,623,16,38.9375,reddit,14,2,0.9181380417335474,0.9176208454539828,0.9216589861751152,0.9714365290586123
TSLA,hist_gradient_boosting,price14_plus_reddit_top4,train,623,18,34.611111111111114,reddit,14,4,0.9245585874799358,0.9239493717893172,0.9280245022970903,0.9777495822244229
TSLA,hist_gradient_boosting,price14_plus_reddit_top7,train,623,21,29.666666666666668,reddit,14,7,0.92776886035313,0.9277506137690578,0.9297971918876755,0.9805966454168471
TSLA,logreg,price14_plus_gdelt_top2,train,623,16,38.9375,gdelt,14,2,0.5585874799357945,0.5602834684656806,0.5409015025041736,0.5921685131315633
TSLA,logreg,price14_plus_gdelt_top3,train,623,17,36.64705882352941,gdelt,14,3,0.5585874799357945,0.5602834684656806,0.5409015025041736,0.5921272513461657
TSLA,logreg,price14_plus_google_top1,train,623,15,41.53333333333333,google,14,1,0.5569823434991974,0.5584318458459697,0.543046357615894,0.5920653586680696
TSLA,logreg,price14_plus_google_top2,train,623,16,38.9375,google,14,2,0.5682182985553772,0.569237275896928,0.5611745513866232,0.5898784840420045
TSLA,logreg,price14_plus_google_top3,train,623,17,36.64705882352941,google,14,3,0.5553772070626003,0.5561882362649831,0.5510534846029174,0.5948298982896989
TSLA,logreg,price_top10,train,623,10,62.3,price,10,0,0.5601926163723917,0.5613511171628396,0.5508196721311476,0.5794289368900991
TSLA,logreg,price_top14,train,623,14,44.5,price,14,0,0.550561797752809,0.5522993129912731,0.5317725752508361,0.586856058261641
TSLA,logreg,price_top5,train,623,5,124.6,price,5,0,0.5184590690208668,0.5200687008726868,0.5,0.5282643229972561
TSLA,logreg,price14_plus_reddit_top2,train,623,16,38.9375,reddit,14,2,0.5457463884430177,0.5478224092756494,0.5211505922165821,0.5876090858451445
TSLA,logreg,price14_plus_reddit_top4,train,623,18,34.611111111111114,reddit,14,4,0.5569823434991974,0.5582358523653318,0.5460526315789473,0.5941284479379423
TSLA,logreg,price14_plus_reddit_top7,train,623,21,29.666666666666668,reddit,14,7,0.5682182985553772,0.5690412824162902,0.5640194489465153,0.6165026510697118
TSLA,random_forest,price14_plus_gdelt_top2,train,623,16,38.9375,gdelt,14,2,0.8298555377207063,0.8304811124177343,0.8306709265175719,0.9137422376266222
TSLA,random_forest,price14_plus_gdelt_top3,train,623,17,36.64705882352941,gdelt,14,3,0.8202247191011236,0.82123331476553,0.8187702265372169,0.9058921829547565
TSLA,random_forest,price14_plus_google_top1,train,623,15,41.53333333333333,google,14,1,0.8057784911717496,0.8063326525138743,0.8070175438596491,0.8921313775247055
TSLA,random_forest,price14_plus_google_top2,train,623,16,38.9375,google,14,2,0.8186195826645265,0.8186957149635865,0.8226059654631083,0.9038290936848837
TSLA,random_forest,price14_plus_google_top3,train,623,17,36.64705882352941,google,14,3,0.8234349919743178,0.8239565926017618,0.8248407643312102,0.9094406964989376
TSLA,random_forest,price_top10,train,623,10,62.3,price,10,0,0.7929373996789727,0.7938715933238432,0.7915993537964459,0.8816405685874028
TSLA,random_forest,price_top14,train,623,14,44.5,price,14,0,0.8009630818619583,0.8014637618369747,0.802547770700637,0.8935961709063152
TSLA,random_forest,price_top5,train,623,5,124.6,price,5,0,0.7929373996789727,0.7941655835448,0.7895595432300163,0.8783705720946545
TSLA,random_forest,price14_plus_reddit_top2,train,623,16,38.9375,reddit,14,2,0.8250401284109149,0.825220234779559,0.8283464566929134,0.9053867260836376
TSLA,random_forest,price14_plus_reddit_top4,train,623,18,34.611111111111114,reddit,14,4,0.8507223113964687,0.8510243238224917,0.8530805687203792,0.9263580285118937
TSLA,random_forest,price14_plus_reddit_top7,train,623,21,29.666666666666668,reddit,14,7,0.8282504012841091,0.8291194734996183,0.8276972624798712,0.9220358564915104
